2011020S13182,2011,4,SP,MM,WILMA,2011-01-20 00:00:00,NR,-13.1000,181.800,20,1005,nadi,main,402,393,________O_____, , , , , , , , ,-5, , , , , , , , , , , , , , , , , , , , , , , , , , , , , , , , , , , , , , , , , , , , , , , , , , , , , , , , , , , , , , , , , , , , , , , , , , , , , , , , , , , , , , , , , , , ,-13.1000,-178.200,-1,20,1005,-13.1000,-178.200,20,1005, , , , , , , , , , , , , , , , , , , , , , , , , , , , , , , , , , , ,5,134
2011020S13182,2011,4,SP,MM,WILMA,2011-01-20 03:00:00,NR,-13.2650,181.975, , , ,main,395,395,_______IP_____, , , , , , , , ,-5, , , , , , , , , , , , , , , , , , , , , , , , , , , , , , , , , , , , , , , , , , , , , , , , , , , , , , , , , , , , , , , , , , , , , , , , , , , , , , , , , , , , , , , , , , , ,-13.2650,-178.025,-1,20,1005,-13.2650,-178.025,20,1005, , , , , , , , , , , , , , , , , , , , , , , , , , , , , , , , , , , ,4,121
2011020S13182,2011,4,SP,MM,WILMA,2011-01-20 06:00:00,NR,-13.3286,182.186,20,1005,nadi,main,408,406,O_______O_____,jtwc_sh,SH082011,-12.9000,-177.900, ,DB,20,1007,-3, , , , , , , , , , , , , , , , , , , , , , , , , , , , , , , , , , , , , , , , , , , , , , , , , , , , , , , , , , , , , , , , , , , , , , , , , , , , , , , , , , , , , , , , , , , ,-13.4000,-177.800,-1,20,1005,-13.4000,-177.800,20,1005, , , , , , , , , , , , , , , , , , , , , , , , , , , , , , , , , , , ,5,105
2011020S13182,2011,4,SP,MM,WILMA,2011-01-20 09:00:00,NR,-13.3991,182.508, , , ,main,420,420,P______IP_____, ,SH082011,-13.0252,-177.460, ,DB,20,1007,-3, , , , , , , , , , , , , , , , , , , , , , , , , , , , , , , , , , , , , , , , , , , , , , , , , , , , , , , , , , , , , , , , , , , , , , , , , , , , , , , , , , , , , , , , , , , ,-13.4926,-177.500,-1,20,1005,-13.4926,-177.500,20,1005, , , , , , , , , , , , , , , , , , , , , , , , , , , , , , , , , , , ,6,105
2011020S13182,2011,4,SP,MM,WILMA,2011-01-20 12:00:00,NR,-13.4909,182.827,20,1005,nadi,main,434,434,O_______O_____,jtwc_sh,SH082011,-13.2000,-177.100, ,DB,20,1007,-3, , , , , , , , , , , , , , , , , , , , , , , , , , , , , , , , , , , , , , , , , , , , , , , , , , , , , , , , , , , , , , , , , , , , , , , , , , , , , , , , , , , , , , , , , , , ,-13.6000,-177.200,-1,20,1005,-13.6000,-177.200,20,1005, , , , , , , , , , , , , , , , , , , , , , , , , , , , , , , , , , , ,6,118
2011020S13182,2011,4,SP,MM,WILMA,2011-01-20 15:00:00,NR,-13.6833,183.053, , , ,main,443,433,P______IP_____, ,SH082011,-13.4499,-176.870, ,DB,20,1007,-3, , , , , , , , , , , , , , , , , , , , , , , , , , , , , , , , , , , , , , , , , , , , , , , , , , , , , , , , , , , , , , , , , , , , , , , , , , , , , , , , , , , , , , , , , , , ,-13.7999,-176.985,-1,22,1004,-13.7999,-176.985,22,1004, , , , , , , , , , , , , , , , , , , , , , , , , , , , , , , , , , , ,6,136
2011020S13182,2011,4,SP,MM,WILMA,2011-01-20 18:00:00,NR,-13.9000,183.233,25,1003,nadi,main,434,414,O_______O_____,jtwc_sh,SH082011,-13.7000,-176.700, ,DB,20,1007,-3, , , , , , , , , , , , ,1008,150,15,30, , , , , , , , , , , , , , , , , , , , , , , , , , , , , , , , , , , , , , , , , , , , , , , , , , , , , , , , , , , , , , , , , , , , , , , , , , , ,-14.0000,-176.800,-1,25,1003,-14.0000,-176.800,25,1003, , , , , , , , , , , , , , , , , , , , , , , , , , , , , , , , , , , ,5,134
2011020S13182,2011,4,SP,MM,WILMA,2011-01-20 21:00:00,NR,-14.0416,183.433, , , ,main,414,394,P______IP_____, ,SH082011,-13.8799,-176.515, ,DB,22,1005,-3, , , , , , , , , , , , , , , , , , , , , , , , , , , , , , , , , , , , , , , , , , , , , , , , , , , , , , , , , , , , , , , , , , , , , , , , , , , , , , , , , , , , , , , , , , , ,-14.1225,-176.592,-1,25,1003,-14.1225,-176.592,25,1003, , , , , , , , , , , , , , , , , , , , , , , , , , , , , , , , , , , ,5,121
2011020S13182,2011,4,SP,MM,WILMA,2011-01-21 00:00:00,TS,-14.1333,183.633,25,1003,nadi,main,394,375,O_______O_____,jtwc_sh,SH082011,-14.0000,-176.300, ,TD,25,1004,-1, , , , , , , , , , , , , , , , , , , , , , , , , , , , , , , , , , , , , , , , , , , , , , , , , , , , , , , , , , , , , , , , , , , , , , , , , , , , , , , , , , , , , , , , , , , ,-14.2000,-176.400,-1,25,1003,-14.2000,-176.400,25,1003, , , , , , , , , , , , , , , , , , , , , , , , , , , , , , , , , , , ,4,114
2011020S13182,2011,4,SP,MM,WILMA,2011-01-21 03:00:00,TS,-14.2083,183.821, , , ,main,375,354,P______IP_____, ,SH082011,-14.0800,-176.023, ,TD,27,1002,-1, , , , , , , , , , , , , , , , , , , , , , , , , , , , , , , , , , , , , , , , , , , , , , , , , , , , , , , , , , , , , , , , , , , , , , , , , , , , , , , , , , , , , , , , , , , ,-14.2724,-176.258,-1,25,1003,-14.2724,-176.258,25,1003, , , , , , , , , , , , , , , , , , , , , , , , , , , , , , , , , , , ,4,104
2011020S13182,2011,4,SP,MM,WILMA,2011-01-21 06:00:00,TS,-14.2333,184.033,25,1003,nadi,main,354,322,O_______O_____,jtwc_sh,SH082011,-14.1000,-175.700, ,TD,30,1000,-1, , , , , , , , , , , , ,1005,150,45, , , , , , , , , , , , , , , , , , , , , , , , , , , , , , , , , , , , , , , , , , , , , , , , , , , , , , , , , , , , , , , , , , , , , , , , , , , , ,-14.3000,-176.100,-1,25,1003,-14.3000,-176.100,25,1003, , , , , , , , , , , , , , , , , , , , , , , , , , , , , , , , , , , ,5,90
2011020S13182,2011,4,SP,MM,WILMA,2011-01-21 09:00:00,TS,-14.2058,184.287, , , ,main,322,288,P______IP_____, ,SH082011,-14.0574,-175.365, ,TD,30,1000,-1, , , , , , , , , , , , ,1004,150,40, , , , , , , , , , , , , , , , , , , , , , , , , , , , , , , , , , , , , , , , , , , , , , , , , , , , , , , , , , , , , , , , , , , , , , , , , , , , ,-14.2799,-175.888,-1,25,1003,-14.2799,-175.888,25,1003, , , , , , , , , , , , , , , , , , , , , , , , , , , , , , , , , , , ,6,80
2011020S13182,2011,4,SP,MM,WILMA,2011-01-21 12:00:00,TS,-14.1333,184.600,25,1003,nadi,main,288,244,O_______O_____,jtwc_sh,SH082011,-14.0000,-175.000, ,TD,30,1000,-1, , , , , , , , , , , , ,1004,150,35, , , , , , , , , , , , , , , , , , , , , , , , , , , , , , , , , , , , , , , , , , , , , , , , , , , , , , , , , , , , , , , , , , , , , , , , , , , , ,-14.2000,-175.600,-1,25,1003,-14.2000,-175.600,25,1003, , , , , , , , , , , , , , , , , , , , , , , , , , , , , , , , , , , ,7,76
2011020S13182,2011,4,SP,MM,WILMA,2011-01-21 15:00:00,TS,-14.0334,184.993, , , ,main,244,199,P______IP_____, ,SH082011,-14.0150,-174.608, ,TD,30,1000,-1, , , , , , , , , , , , ,1003,155,35, , , , , , , , , , , , , , , , , , , , , , , , , , , , , , , , , , , , , , , , , , , , , , , , , , , , , , , , , , , , , , , , , , , , , , , , , , , , ,-14.0426,-175.207,-1,27,1002,-14.0426,-175.207,27,1002, , , , , , , , , , , , , , , , , , , , , , , , , , , , , , , , , , , ,8,76
2011020S13182,2011,4,SP,MM,WILMA,2011-01-21 18:00:00,TS,-13.9333,185.400,30,1001,nadi,main,199,168,O_______O_____,jtwc_sh,SH082011,-14.0000,-174.200, ,TD,30,1000,-1, , , , , , , , , , , , ,1003,160,35, , , , , , , , , , , , , , , , , , , , , , , , , , , , , , , , , , , , , , , , , , , , , , , , , , , , , , , , , , , , , , , , , , , , , , , , , , , , ,-13.9000,-174.800,-1,30,1001,-13.9000,-174.800,30,1001, , , , , , , , , , , , , , , , , , , , , , , , , , , , , , , , , , , ,7,81
2011020S13182,2011,4,SP,MM,WILMA,2011-01-21 21:00:00,TS,-13.9257,185.726, , , ,main,168,134,P______IP_____, ,SH082011,-13.9175,-173.778, ,TD,32,998,-1, , , , , , , , , , , , ,1003,160,30, , , , , , , , , , , , , , , , , , , , , , , , , , , , , , , , , , , , , , , , , , , , , , , , , , , , , , , , , , , , , , , , , , , , , , , , , , , , ,-13.9297,-174.523,-1,30,1000,-13.9297,-174.523,30,1000, , , , , , , , , , , , , , , , , , , , , , , , , , , , , , , , , , , ,7,81
2011020S13182,2011,4,SP,MM,WILMA,2011-01-22 00:00:00,TS,-13.8333,186.067,30,999,nadi,main,123,75,O_______O_____,jtwc_sh,SH082011,-13.7000,-173.400, ,TS,35,996,0, , , , , , , , , , , , ,1003,160,25, , , , , , , , , , , , , , , , , , , , , , , , , , , , , , , , , , , , , , , , , , , , , , , , , , , , , , , , , , , , , , , , , , , , , , , , , , , , ,-13.9000,-174.200,-1,30,999,-13.9000,-174.200,30,999, , , , , , , , , , , , , , , , , , , , , , , , , , , , , , , , , , , ,9,61
2011020S13182,2011,4,SP,MM,WILMA,2011-01-22 03:00:00,TS,-13.5075,186.502, , , ,main,75,46,P______IP_____, ,SH082011,-13.2874,-173.135, ,TS,37,994,0, , , , , , , , , , , , ,1003,160,22, , , , , , , , , , , , , , , , , , , , , , , , , , , , , , , , , , , , , , , , , , , , , , , , , , , , , , , , , , , , , , , , , , , , , , , , , , , , ,-13.6176,-173.680,-1,30,999,-13.6176,-173.680,30,999, , , , , , , , , , , , , , , , , , , , , , , , , , , , , , , , , , , ,12,49
2011020S13182,2011,4,SP,MM,WILMA,2011-01-22 06:00:00,TS,-13.0667,186.967,30,1000,nadi,main,49,49,O_______O_____,jtwc_sh,SH082011,-12.8000,-172.900, ,TS,40,993,0,45,45,35,45, , , , , , , , ,1003,160,20, , , , , , , , , , , , , , , , , , , , , , , , , , , , , , , , , , , , , , , , , , , , , , , , , , , , , , , , , , , , , , , , , , , , , , , , , , , , ,-13.2000,-173.100,-1,30,1000,-13.2000,-173.100,30,1000, , , , , , , , , , , , , , , , , , , , , , , , , , , , , , , , , , , ,13,45
2011020S13182,2011,4,SP,MM,WILMA,2011-01-22 09:00:00,TS,-12.6183,187.405, , , ,main,100,100,P______IP_____, ,SH082011,-12.3548,-172.645, ,TS,45,989,0,55,52,45,55, , , , , , , , ,1002,165,20, , , , , , , , , , , , , , , , , , , , , , , , , , , , , , , , , , , , , , , , , , , , , , , , , , , , , , , , , , , , , , , , , , , , , , , , , , , , ,-12.7500,-172.570,-1,30,1000,-12.7500,-172.570,30,1000, , , , , , , , , , , , , , , , , , , , , , , , , , , , , , , , , , , ,12,44
2011020S13182,2011,4,SP,MM,WILMA,2011-01-22 12:00:00,TS,-12.2000,187.833,30,1000,nadi,main,147,147,O_______O_____,jtwc_sh,SH082011,-12.0000,-172.300, ,TS,50,985,0,65,60,55,65, , , , , , , , ,1002,170,20, , , , , , , , , , , , , , , , , , , , , , , , , , , , , , , , , , , , , , , , , , , , , , , , , , , , , , , , , , , , , , , , , , , , , , , , , , , , ,-12.3000,-172.100,-1,30,1000,-12.3000,-172.100,30,1000, , , , , , , , , , , , , , , , , , , , , , , , , , , , , , , , , , , ,12,49
2011020S13182,2011,4,SP,MM,WILMA,2011-01-22 15:00:00,TS,-11.8293,188.318, , , ,main,204,204,P______IP_____, ,SH082011,-11.7679,-171.697, ,TS,50,985,0,77,75,65,77, , , , , , , , ,1001,170,20, , , , , , , , , , , , , , , , , , , , , , , , , , , , , , , , , , , , , , , , , , , , , , , , , , , , , , , , , , , , , , , , , , , , , , , , , , , , ,-11.8600,-171.675,-1,30,998,-11.8600,-171.675,32,998, , , , , , , , , , , , , , , , , , , , , , , , , , , , , , , , , , , ,10,55
2011020S13182,2011,4,SP,MM,WILMA,2011-01-22 18:00:00,TS,-11.6333,188.667,30,997,nadi,main,244,234,O_______O_____,jtwc_sh,SH082011,-11.7000,-171.200, ,TS,50,985,0,90,90,75,90, , , , , , , , ,1001,170,20, , , , , , , , , , , , , , , , , , , , , , , , , , , , , , , , , , , , , , , , , , , , , , , , , , , , , , , , , , , , , , , , , , , , , , , , , , , , ,-11.6000,-171.400,-1,30,997,-11.6000,-171.400,35,996, , , , , , , , , , , , , , , , , , , , , , , , , , , , , , , , , , , ,4,71
2011020S13182,2011,4,SP,MM,WILMA,2011-01-22 21:00:00,TS,-11.6982,188.700, , , ,main,234,209,P______IP_____, ,SH082011,-11.7898,-171.190, ,TS,47,987,0,85,85,70,85, , , , , , , , ,1000,160,20, , , , , , , , , , , , , , , , , , , , , , , , , , , , , , , , , , , , , , , , , , , , , , , , , , , , , , , , , , , , , , , , , , , , , , , , , , , , ,-11.6524,-171.355,-1,30,997,-11.6524,-171.355,32,997, , , , , , , , , , , , , , , , , , , , , , , , , , , , , , , , , , , ,3,185
2011020S13182,2011,4,SP,MM,WILMA,2011-01-23 00:00:00,TS,-11.9333,188.633,30,997,nadi,main,209,188,O_______O_____,jtwc_sh,SH082011,-12.0000,-171.300, ,TS,45,989,0,80,80,65,80, , , , , , , , ,999,150,20, , , , , , , , , , , , , , , , , , , , , , , , , , , , , , , , , , , , , , , , , , , , , , , , , , , , , , , , , , , , , , , , , , , , , , , , , , , , ,-11.9000,-171.400,-1,30,997,-11.9000,-171.400,30,998, , , , , , , , , , , , , , , , , , , , , , , , , , , , , , , , , , , ,5,182
2011020S13182,2011,4,SP,MM,WILMA,2011-01-23 03:00:00,TS,-12.1967,188.699, , , ,main,188,171,P______IP_____, ,SH082011,-12.2200,-171.158, ,TS,45,989,0,80,80,67,70, , , , , , , , ,999,140,20, , , , , , , , , , , , , , , , , , , , , , , , , , , , , , , , , , , , , , , , , , , , , , , , , , , , , , , , , , , , , , , , , , , , , , , , , , , , ,-12.1850,-171.372,-1,30,998,-12.1850,-171.372,30,998, , , , , , , , , , , , , , , , , , , , , , , , , , , , , , , , , , , ,6,164
2011020S13182,2011,4,SP,MM,WILMA,2011-01-23 06:00:00,TS,-12.5000,188.800,30,999,nadi,main,171,156,O_______O_____,jtwc_sh,SH082011,-12.5000,-171.000, ,TS,45,989,0,80,80,70,60, , , , , , , , ,999,130,20, , , , , , , , , , , , , , , , , , , , , , , , , , , , , , , , , , , , , , , , , , , , , , , , , , , , , , , , , , , , , , , , , , , , , , , , , , , , ,-12.5000,-171.300,-1,30,999,-12.5000,-171.300,30,999, , , , , , , , , , , , , , , , , , , , , , , , , , , , , , , , , , , ,6,161
2011020S13182,2011,4,SP,MM,WILMA,2011-01-23 09:00:00,TS,-12.7658,188.900, , , ,main,156,149,P______IP_____, ,SH082011,-12.8275,-170.985, ,TS,47,987,0,80,80,70,60, , , , , , , , ,999,135,20, , , , , , , , , , , , , , , , , , , , , , , , , , , , , , , , , , , , , , , , , , , , , , , , , , , , , , , , , , , , , , , , , , , , , , , , , , , , ,-12.7350,-171.158,-1,30,998,-12.7350,-171.158,30,998, , , , , , , , , , , , , , , , , , , , , , , , , , , , , , , , , , , ,6,161
2011020S13182,2011,4,SP,MM,WILMA,2011-01-23 12:00:00,TS,-13.0667,189.000,30,997,nadi,main,146,141,O_______O_____,jtwc_sh,SH082011,-13.2000,-171.000, ,TS,50,985,0,80,80,70,60, , , , , , , , ,1000,140,20, , , , , , , , , , , , , , , , , , , , , , , , , , , , , , , , , , , , , , , , , , , , , , , , , , , , , , , , , , , , , , , , , , , , , , , , , , , , ,-13.0000,-171.000,-1,30,997,-13.0000,-171.000,30,997, , , , , , , , , , , , , , , , , , , , , , , , , , , , , , , , , , , ,7,163
2011020S13182,2011,4,SP,MM,WILMA,2011-01-23 15:00:00,TS,-13.4267,189.103, , , ,main,144,140,P______IP_____, ,SH082011,-13.5850,-170.950, ,TS,50,985,0,90,85,80,80, , , , , , , , ,1000,140,20, , , , , , , , , , , , , , , , , , , , , , , , , , , , , , , , , , , , , , , , , , , , , , , , , , , , , , , , , , , , , , , , , , , , , , , , , , , , ,-13.3475,-170.870,-1,32,996,-13.3475,-170.870,32,996, , , , , , , , , , , , , , , , , , , , , , , , , , , , , , , , , , , ,8,168
2011020S13182,2011,4,SP,MM,WILMA,2011-01-23 18:00:00,TS,-13.8667,189.167,35,995,nadi,main,151,151,O_______O_____,jtwc_sh,SH082011,-14.0000,-170.900, ,TS,50,985,0,100,90,90,100, , , , , , , , ,1000,140,20, , , , , , , , , , , , , , , , , , , , , , , , , , , , , , , , , , , , , , , , , , , , , , , , , , , , , , , , , , , , , , , , , , , , , , , , , , , , ,-13.8000,-170.800,-1,35,995,-13.8000,-170.800,35,995, , , , , , , , , , , , , , , , , , , , , , , , , , , , , , , , , , , ,10,176
2011020S13182,2011,4,SP,MM,WILMA,2011-01-23 21:00:00,TS,-14.4116,189.168, , , ,main,165,165,P______IP_____, ,SH082011,-14.4350,-170.885, ,TS,55,981,0,95,90,82,87, , , , , , , , ,1000,140,20, , , , , , , , , , , , , , , , , , , , , , , , , , , , , , , , , , , , , , , , , , , , , , , , , , , , , , , , , , , , , , , , , , , , , , , , , , , , ,-14.4000,-170.805,-1,37,994,-14.4000,-170.805,37,994, , , , , , , , , , , , , , , , , , , , , , , , , , , , , , , , , , , ,11,184
2011020S13182,2011,4,SP,MM,WILMA,2011-01-24 00:00:00,TS,-14.9667,189.100,40,993,nadi,main,194,194,O_______O_____,jtwc_sh,SH082011,-14.9000,-170.900, ,TS,60,978,0,90,90,75,75,40,40,30,30, , , , ,1000,140,20, , , , , , , , , , , , , , , , , , , , , , , , , , , , , , , , , , , , , , , , , , , , , , , , , , , , , , , , , , , , , , , , , , , , , , , , , , , , ,-15.0000,-170.900,-1,40,993,-15.0000,-170.900,40,993, , , , , , , , , , , , , , , , , , , , , , , , , , , , , , , , , , , ,10,190
2011020S13182,2011,4,SP,MM,WILMA,2011-01-24 03:00:00,TS,-15.3824,189.000, , , ,main,220,220,P______IP_____, ,SH082011,-15.3774,-170.890, ,TS,60,978,0,97,97,75,75,40,40,30,30, , , , ,1000,135,20, , , , , , , , , , , , , , , , , , , , , , , , , , , , , , , , , , , , , , , , , , , , , , , , , , , , , , , , , , , , , , , , , , , , , , , , , , , , ,-15.3849,-171.055,-1,45,989,-15.3849,-171.055,45,989, , , , , , , , , , , , , , , , , , , , , , , , , , , , , , , , , , , ,9,198
2011020S13182,2011,4,SP,MM,WILMA,2011-01-24 06:00:00,TS,-15.8333,188.800,50,986,nadi,main,248,248,O_______O_____,jtwc_sh,SH082011,-15.9000,-171.000, ,TS,60,978,0,105,105,75,75,40,40,30,30, , , , ,1000,130,20, , , , , , , , , , , , , , , , , , , , , , , , , , , , , , , , , , , , , , , , , , , , , , , , , , , , , , , , , , , , , , , , , , , , , , , , , , , , ,-15.8000,-171.300,-1,50,986,-15.8000,-171.300,50,986, , , , , , , , , , , , , , , , , , , , , , , , , , , , , , , , , , , ,12,204
2011020S13182,2011,4,SP,MM,WILMA,2011-01-24 09:00:00,TS,-16.4323,188.505, , , ,main,300,300,P______IP_____, ,SH082011,-16.4323,-171.303, ,TS,62,976,0,105,105,75,75,40,40,30,30, , , , ,1000,130,20, , , , , , , , , , , , , , , , , , , , , , , , , , , , , , , , , , , , , , , , , , , , , , , , , , , , , , , , , , , , , , , , , , , , , , , , , , , , ,-16.4323,-171.591,-1,50,986,-16.4323,-171.591,50,986, , , , , , , , , , , , , , , , , , , , , , , , , , , , , , , , , , , ,15,208
2011020S13182,2011,4,SP,MM,WILMA,2011-01-24 12:00:00,TS,-17.1667,188.067,50,986,nadi,main,381,381,O_______O_____,jtwc_sh,SH082011,-17.1000,-171.800, ,TY,65,974,1,105,105,75,75,40,40,30,30, , , , ,1000,130,20, , , , , , , , , , , , , , , , , , , , , , , , , , , , , , , , , , , , , , , , , , , , , , , , , , , , , , , , , , , , , , , , , , , , , , , , , , , , ,-17.2000,-172.000,-1,50,986,-17.2000,-172.000,50,986, , , , , , , , , , , , , , , , , , , , , , , , , , , , , , , , , , , ,19,210
2011020S13182,2011,4,SP,MM,WILMA,2011-01-24 15:00:00,TS,-18.0394,187.533, , , ,main,470,470,P______IP_____, ,SH082011,-18.0346,-172.410, ,TY,67,972,1,92,100,80,72,40,40,30,30, , , , ,1000,135,20, , , , , , , , , , , , , , , , , , , , , , , , , , , , , , , , , , , , , , , , , , , , , , , , , , , , , , , , , , , , , , , , , , , , , , , , , , , , ,-18.0418,-172.496,-1,52,983,-18.0418,-172.496,52,983, , , , , , , , , , , , , , , , , , , , , , , , , , , , , , , , , , , ,21,214
2011020S13182,2011,4,SP,MM,WILMA,2011-01-24 18:00:00,TS,-18.9333,186.800,55,981,nadi,main,574,574,O_______O_____,jtwc_sh,SH082011,-19.0000,-173.200, ,TY,70,970,1,80,95,85,70,40,40,30,30,25,25,25,25,1000,140,20, , , , , , , , , , , , , , , , , , , , , , , , , , , , , , , , , , , , , , , , , , , , , , , , , , , , , , , , , , , , , , , , , , , , , , , , , , , , ,-18.9000,-173.200,-1,55,981,-18.9000,-173.200,55,981, , , , , , , , , , , , , , , , , , , , , , , , , , , , , , , , , , , ,23,224
2011020S13182,2011,4,SP,MM,WILMA,2011-01-24 21:00:00,TS,-19.7041,185.846, , , ,main,681,654,P______IP_____, ,SH082011,-19.7523,-174.141, ,TY,72,968,1,80,95,85,70,40,40,30,30,25,25,25,25,1000,135,22, , , , , , , , , , , , , , , , , , , , , , , , , , , , , , , , , , , , , , , , , , , , , , , , , , , , , , , , , , , , , , , , , , , , , , , , , , , , ,-19.6800,-174.160,-1,57,979,-19.6800,-174.160,57,979, , , , , , , , , , , , , , , , , , , , , , , , , , , , , , , , , , , ,24,233
2011020S13182,2011,4,SP,MM,WILMA,2011-01-25 00:00:00,TS,-20.4000,184.733,60,978,nadi,main,646,613,O_______O_____,jtwc_sh,SH082011,-20.4000,-175.200, ,TY,75,967,1,80,95,85,70,40,40,30,30,25,25,25,25,1000,130,25, , , , , , , , , , , , , , , , , , , , , , , , , , , , , , , , , , , , , , , , , , , , , , , , , , , , , , , , , , , , , , , , , , , , , , , , , , , , ,-20.4000,-175.300,-1,60,978,-20.4000,-175.300,60,978, , , , , , , , , , , , , , , , , , , , , , , , , , , , , , , , , , , ,25,237
2011020S13182,2011,4,SP,MM,WILMA,2011-01-25 03:00:00,TS,-21.0930,183.584, , , ,main,613,557,P______IP_____, ,SH082011,-21.0441,-176.263, ,TY,82,961,1,87,102,92,77,45,45,35,35,27,27,27,27,1000,140,25, , , , , , , , , , , , , , , , , , , , , , , , , , , , , , , , , , , , , , , , , , , , , , , , , , , , , , , , , , , , , , , , , , , , , , , , , , , , ,-21.1174,-176.492,-1,62,976,-21.1174,-176.492,62,976, , , , , , , , , , , , , , , , , , , , , , , , , , , , , , , , , , , ,25,240
2011020S13182,2011,4,SP,MM,WILMA,2011-01-25 06:00:00,TS,-21.6667,182.400,65,974,nadi,main,558,513,O_______O_____,jtwc_sh,SH082011,-21.6000,-177.400, ,TY,90,956,2,95,110,100,85,50,50,40,40,30,30,30,30,1000,150,25,25, , , , , , , , , , , , , , , , , , , , , , , , , , , , , , , , , , , , , , , , , , , , , , , , , , , , , , , , , , , , , , , , , , , , , , , , , , , ,-21.7000,-177.700,-1,65,974,-21.7000,-177.700,65,974, , , , , , , , , , , , , , , , , , , , , , , , , , , , , , , , , , , ,24,246
2011020S13182,2011,4,SP,MM,WILMA,2011-01-25 09:00:00,TS,-22.0651,181.197, , , ,main,517,493,P______IP_____, ,SH082011,-22.0757,-178.687, ,TY,90,957,2,95,110,100,85,50,50,40,40,30,30,30,30,1000,150,25, , , , , , , , , , , , , , , , , , , , , , , , , , , , , , , , , , , , , , , , , , , , , , , , , , , , , , , , , , , , , , , , , , , , , , , , , , , , ,-22.0597,-178.861,-1,72,967,-22.0597,-178.861,72,967, , , , , , , , , , , , , , , , , , , , , , , , , , , , , , , , , , , ,22,253
2011020S13182,2011,4,SP,MM,WILMA,2011-01-25 12:00:00,TS,-22.3333,180.100,80,961,nadi,main,489,483,O_______O_____,jtwc_sh,SH082011,-22.4000,-179.900, ,TY,90,959,2,95,110,100,85,50,50,40,40,30,30,30,30,1000,150,25,25, , , , , , , , , , , , , , , , , , , , , , , , , , , , , , , , , , , , , , , , , , , , , , , , , , , , , , , , , , , , , , , , , , , , , , , , , , , ,-22.3000,-179.900,-1,80,961,-22.3000,-179.900,80,961, , , , , , , , , , , , , , , , , , , , , , , , , , , , , , , , , , , ,19,255
2011020S13182,2011,4,SP,MM,WILMA,2011-01-25 15:00:00,TS,-22.5572,179.218, , , ,main,492,484,P______IP_____, ,SH082011,-22.5287,179.174, ,TY,92,955,2,95,110,100,85,50,50,40,40,30,30,30,30,1000,150,22, , , , , , , , , , , , , , , , , , , , , , , , , , , , , , , , , , , , , , , , , , , , , , , , , , , , , , , , , , , , , , , , , , , , , , , , , , , , ,-22.5715,179.240,-1,82,958,-22.5715,179.240,82,958, , , , , , , , , , , , , , , , , , , , , , , , , , , , , , , , , , , ,16,255
2011020S13182,2011,4,SP,MM,WILMA,2011-01-25 18:00:00,TS,-22.7333,178.467,85,955,nadi,main,493,492,O_______O_____,jtwc_sh,SH082011,-22.6000,178.400, ,TY,95,952,2,95,110,100,85,50,50,40,40,30,30,30,30,1000,150,20,20, , , , , , , , , , , , , , , , , , , , , , , , , , , , , , , , , , , , , , , , , , , , , , , , , , , , , , , , , , , , , , , , , , , , , , , , , , , ,-22.8000,178.500,-1,85,955,-22.8000,178.500,85,955, , , , , , , , , , , , , , , , , , , , , , , , , , , , , , , , , , , ,14,256
2011020S13182,2011,4,SP,MM,WILMA,2011-01-25 21:00:00,TS,-22.9148,177.710, , , ,main,514,514,P______IP_____, ,SH082011,-22.7848,177.605, ,TY,102,946,3,95,110,100,85,50,50,40,40,30,30,30,30,1000,150,20, , , , , , , , , , , , , , , , , , , , , , , , , , , , , , , , , , , , , , , , , , , , , , , , , , , , , , , , , , , , , , , , , , , , , , , , , , , , ,-22.9797,177.762,-1,87,952,-22.9797,177.762,87,952, , , , , , , , , , , , , , , , , , , , , , , , , , , , , , , , , , , ,14,256
2011020S13182,2011,4,SP,MM,WILMA,2011-01-26 00:00:00,TS,-23.0667,177.033,90,949,nadi,main,544,544,O_______O_____,jtwc_sh,SH082011,-23.0000,176.900, ,TY,110,941,3,95,110,100,85,50,50,40,40,30,30,30,30,1000,150,20,15, , , , , , , , , , , , , , , , , , , , , , , , , , , , , , , , , , , , , , , , , , , , , , , , , , , , , , , , , , , , , , , , , , , , , , , , , , , ,-23.1000,177.100,-1,90,949,-23.1000,177.100,90,949, , , , , , , , , , , , , , , , , , , , , , , , , , , , , , , , , , , ,12,258
2011020S13182,2011,4,SP,MM,WILMA,2011-01-26 03:00:00,TS,-23.1564,176.433, , , ,main,569,569,P______IP_____, ,SH082011,-23.1997,176.290, ,TY,112,939,3,100,115,105,90,55,55,45,45,35,35,35,35,1000,155,20, , , , , , , , , , , , , , , , , , , , , , , , , , , , , , , , , , , , , , , , , , , , , , , , , , , , , , , , , , , , , , , , , , , , , , , , , , , , ,-23.1348,176.504,-1,95,944,-23.1348,176.504,95,944, , , , , , , , , , , , , , , , , , , , , , , , , , , , , , , , , , , ,10,259
2011020S13182,2011,4,SP,MM,WILMA,2011-01-26 06:00:00,TS,-23.2667,175.933,100,939,nadi,main,596,596,O_______O_____,jtwc_sh,SH082011,-23.4000,175.800, ,TY,115,937,4,105,120,110,95,60,60,50,50,40,40,40,40,1000,160,20,10, , , , , , , , , , , , , , , , , , , , , , , , , , , , , , , , , , , , , , , , , , , , , , , , , , , , , , , , , , , , , , , , , , , , , , , , , , , ,-23.2000,176.000,-1,100,939,-23.2000,176.000,100,939, , , , , , , , , , , , , , , , , , , , , , , , , , , , , , , , , , , ,9,250
2011020S13182,2011,4,SP,MM,WILMA,2011-01-26 09:00:00,TS,-23.4621,175.535, , , ,main,631,631,P______IP_____, ,SH082011,-23.5771,175.434, ,TY,115,937,4,105,120,110,95,60,60,50,50,40,40,40,40,1000,160,20, , , , , , , , , , , , , , , , , , , , , , , , , , , , , , , , , , , , , , , , , , , , , , , , , , , , , , , , , , , , , , , , , , , , , , , , , , , , ,-23.4046,175.585,-1,100,939,-23.4046,175.585,100,939, , , , , , , , , , , , , , , , , , , , , , , , , , , , , , , , , , , ,8,236
2011020S13182,2011,4,SP,MM,WILMA,2011-01-26 12:00:00,TS,-23.7333,175.167,100,939,nadi,main,663,663,O_______O_____,jtwc_sh,SH082011,-23.8000,175.100, ,TY,115,937,4,105,120,110,95,60,60,50,50,40,40,40,40,1000,160,20,10, , , , , , , , , , , , , , , , , , , , , , , , , , , , , , , , , , , , , , , , , , , , , , , , , , , , , , , , , , , , , , , , , , , , , , , , , , , ,-23.7000,175.200,-1,100,939,-23.7000,175.200,100,939, , , , , , , , , , , , , , , , , , , , , , , , , , , , , , , , , , , ,9,231
2011020S13182,2011,4,SP,MM,WILMA,2011-01-26 15:00:00,TS,-24.0557,174.732, , , ,main,723,723,P______IP_____, ,SH082011,-24.1200,174.665, ,TY,110,940,3,110,120,115,95,60,60,52,47,40,40,40,40,1001,160,20, , , , , , , , , , , , , , , , , , , , , , , , , , , , , , , , , , , , , , , , , , , , , , , , , , , , , , , , , , , , , , , , , , , , , , , , , , , , ,-24.0274,174.765,-1,95,944,-24.0199,174.765,97,944, , , , , , , , , , , , , , , , , , , , , , , , , , , , , , , , , , , ,11,230
2011020S13182,2011,4,SP,MM,WILMA,2011-01-26 18:00:00,TS,-24.4364,174.264,90,949,nadi,main,769,746,O_______O_____,jtwc_sh,SH082011,-24.5000,174.200, ,TY,105,944,3,115,120,120,95,60,60,55,45,40,40,40,40,1002,160,20,5, , , , , , , , , , , , , , , , , , , , , , , , , , , , , , , , , , , , , , , , , , , , , , , , , , , , , , , , , , , , , , , , , , , , , , , , , , , ,-24.4000,174.300,-1,90,949,-24.4000,174.300,95,949, , , , , , , , , , , , , , , , , , , , , , , , , , , , , , , , , , , ,12,228
2011020S13182,2011,4,SP,MM,WILMA,2011-01-26 21:00:00,TS,-24.8471,173.770, , , ,main,746,718,P______IP_____, ,SH082011,-24.8849,173.742, ,TY,102,946,3,112,115,115,97,60,60,57,47,35,35,35,35,1002,167,17, , , , , , , , , , , , , , , , , , , , , , , , , , , , , , , , , , , , , , , , , , , , , , , , , , , , , , , , , , , , , , , , , , , , , , , , , , , , ,-24.7954,173.808,-1,87,951,-24.8352,173.778,92,949, , , , , , , , , , , , , , , , , , , , , , , , , , , , , , , , , , , ,12,226
2011020S13182,2011,4,SP,MM,WILMA,2011-01-27 00:00:00,TS,-25.2889,173.300,90,950,wellington,main,722,709,O_______O_____,jtwc_sh,SH082011,-25.3000,173.300, ,TY,100,948,3,110,110,110,100,60,60,60,50,30,30,30,30,1002,175,15,5, , , , , , , , , , , , , , , , , , , , , , , , , , , , , , , , , , , , , , , , , , , , , , , , , , , , , , , , , , , , , , , , , , , , , , , , , , , ,-25.2000,173.300,-1,85,953,-25.3000,173.300,90,950, , , , , , , , , , , , , , , , , , , , , , , , , , , , , , , , , , , ,12,220
2011020S13182,2011,4,SP,MM,WILMA,2011-01-27 03:00:00,TS,-25.7460,172.923, , , ,main,709,706,P_______P_____, ,SH082011,-25.7423,172.900, ,TY,95,952,2,110,110,110,100,60,60,60,50,30,30,30,30,1002,170,17, , , , , , , , , , , , , , , , , , , , , , , , , , , , , , , , , , , , , , , , , , , , , , , , , , , , , , , , , , , , , , , , , , , , , , , , , , , , , , ,-1, , ,-25.7498,172.947,90,950, , , , , , , , , , , , , , , , , , , , , , , , , , , , , , , , , , , ,11,215
2011020S13182,2011,4,SP,MM,WILMA,2011-01-27 06:00:00,TS,-26.2000,172.600,90,950,wellington,main,715,712,O_______O_____,jtwc_sh,SH082011,-26.2000,172.500, ,TY,90,956,2,110,110,110,100,60,60,60,50,30,30,30,30,1002,165,20, , , , , , , , , , , , , , , , , , , , , , , , , , , , , , , , , , , , , , , , , , , , , , , , , , , , , , , , , , , , , , , , , , , , , , , , , , , , , , ,-1, , ,-26.2000,172.700,90,950, , , , , , , , , , , , , , , , , , , , , , , , , , , , , , , , , , , ,11,214
2011020S13182,2011,4,SP,MM,WILMA,2011-01-27 09:00:00,TS,-26.6238,172.266, , , ,main,719,712,P_______P_____, ,SH082011,-26.6353,171.998, ,TY,82,961,1,110,110,110,100,60,60,60,50,30,30,30,25,1002,165,20, , , , , , , , , , , , , , , , , , , , , , , , , , , , , , , , , , , , , , , , , , , , , , , , , , , , , , , , , , , , , , , , , , , , , , , , , , , , , , ,-1, , ,-26.6124,172.534,87,952, , , , , , , , , , , , , , , , , , , , , , , , , , , , , , , , , , , ,11,211
2011020S13182,2011,4,SP,MM,WILMA,2011-01-27 12:00:00,TS,-27.1000,172.000,85,955,wellington,main,735,735,O_______O_____,jtwc_sh,SH082011,-27.1000,171.600, ,TY,75,967,1,110,110,110,100,60,60,60,50,30,30,30,20,1002,165,20, , , , , , , , , , , , , , , , , , , , , , , , , , , , , , , , , , , , , , , , , , , , , , , , , , , , , , , , , , , , , , , , , , , , , , , , , , , , , , ,-1, , ,-27.1000,172.400,85,955, , , , , , , , , , , , , , , , , , , , , , , , , , , , , , , , , , , ,11,200
2011020S13182,2011,4,SP,MM,WILMA,2011-01-27 15:00:00,TS,-27.6499,171.841, , , ,main,762,695,P_______P_____, ,SH082011,-27.5823,171.467, ,TY,70,970,1,105,110,110,100,55,60,60,50,25,25,25,20,1002,165,20, , , , , , , , , , , , , , , , , , , , , , , , , , , , , , , , , , , , , , , , , , , , , , , , , , , , , , , , , , , , , , , , , , , , , , , , , , , , , , ,-1, , ,-27.7175,172.215,82,957, , , , , , , , , , , , , , , , , , , , , , , , , , , , , , , , , , , ,13,190
2011020S13182,2011,4,SP,MM,WILMA,2011-01-27 18:00:00,TS,-28.3500,171.750,80,960,wellington,main,695,598,O_______O_____,jtwc_sh,SH082011,-28.2000,171.500, ,TY,65,974,1,100,110,110,100,50,60,60,50,20,20,20,20,1002,165,20, , , , , , , , , , , , , , , , , , , , , , , , , , , , , , , , , , , , , , , , , , , , , , , , , , , , , , , , , , , , , , , , , , , , , , , , , , , , , , ,-1, , ,-28.5000,172.000,80,960, , , , , , , , , , , , , , , , , , , , , , , , , , , , , , , , , , , ,16,188
2011020S13182,2011,4,SP,MM,WILMA,2011-01-27 21:00:00,TS,-29.2549,171.591, , , ,main,587,488,P_______P_____, ,SH082011,-29.0622,171.519, ,TY,60,978,0,100,110,110,100,45,50,50,45, , , , ,1002,165,20, , , , , , , , , , , , , , , , , , , , , , , , , , , , , , , , , , , , , , , , , , , , , , , , , , , , , , , , , , , , , , , , , , , , , , , , , , , , , , ,-1, , ,-29.4476,171.663,72,965, , , , , , , , , , , , , , , , , , , , , , , , , , , , , , , , , , , ,19,184
2011020S13182,2011,4,SP,MM,WILMA,2011-01-28 00:00:00,TS,-30.2500,171.600,65,970,wellington,main,488,384,O_______O_____,jtwc_sh,SH082011,-30.0000,171.700, ,TS,55,982,0,100,110,110,100,40,40,40,40, , , , ,1002,165,20, , , , , , , , , , , , , , , , , , , , , , , , , , , , , , , , , , , , , , , , , , , , , , , , , , , , , , , , , , , , , , , , , , , , , , , , , , , , , , ,-1, , ,-30.5000,171.500,65,970, , , , , , , , , , , , , , , , , , , , , , , , , , , , , , , , , , , ,19,172
2011020S13182,2011,4,SP,MM,WILMA,2011-01-28 03:00:00,TS,-31.1556,171.905, , , ,main,373,278,P_______P_____, ,SH082011,-30.7395,172.083, ,TS,50,985,0,95,112,112,95,20,20,20,20, , , , ,1003,172,25, , , , , , , , , , , , , , , , , , , , , , , , , , , , , , , , , , , , , , , , , , , , , , , , , , , , , , , , , , , , , , , , , , , , , , , , , , , , , , ,-1, , ,-31.5717,171.727,62,972, , , , , , , , , , , , , , , , , , , , , , , , , , , , , , , , , , , ,20,157
2011020S13182,2011,4,SP,MM,WILMA,2011-01-28 06:00:00,TS,-32.1000,172.500,60,975,wellington,main,267,167,O_______O_____,jtwc_sh,SH082011,-31.6000,172.700, ,TS,45,989,0,90,115,115,90, , , , , , , , ,1004,180,30, , , , , , , , , , , , , , , , , , , , , , , , , , , , , , , , , , , , , , , , , , , , , , , , , , , , , , , , , , , , , , , , , , , , , , , , , , , , , , ,-1, , ,-32.6000,172.300,60,975, , , , , , , , , , , , , , , , , , , , , , , , , , , , , , , , , , , ,23,150
2011020S13182,2011,4,SP,MM,WILMA,2011-01-28 09:00:00,TS,-33.1006,173.236, , , ,main,157,96,P_______P_____, ,SH082011,-32.8218,173.410, ,TS,45,989,0,90,115,115,90, , , , , , , , ,1004,180,35, , , , , , , , , , , , , , , , , , , , , , , , , , , , , , , , , , , , , , , , , , , , , , , , , , , , , , , , , , , , , , , , , , , , , , , , , , , , , , ,-1, , ,-33.3793,173.061,55,976, , , , , , , , , , , , , , , , , , , , , , , , , , , , , , , , , , , ,26,145
2011020S13182,2011,4,SP,MM,WILMA,2011-01-28 12:00:00,TS,-34.2500,174.300,50,978,wellington,main,100,76,O_______O_____,jtwc_sh,SH082011,-34.2000,174.500, ,TS,45,989,0,90,115,115,90, , , , , , , , ,1004,180,40, , , , , , , , , , , , , , , , , , , , , , , , , , , , , , , , , , , , , , , , , , , , , , , , , , , , , , , , , , , , , , , , , , , , , , , , , , , , , , ,-1, , ,-34.3000,174.100,50,978, , , , , , , , , , , , , , , , , , , , , , , , , , , , , , , , , , , ,30,142
2011020S13182,2011,4,SP,MM,WILMA,2011-01-28 13:00:00,TS,-34.6768,174.743,50,980,wellington,main,76,77,P_______O_____, ,SH082011,-34.6535,174.986, ,TS,45,989,0,90,115,115,90, , , , , , , , , , , , , , , , , , , , , , , , , , , , , , , , , , , , , , , , , , , , , , , , , , , , , , , , , , , , , , , , , , , , , , , , , , , , , , , , , , , , , , , , , ,-1, , ,-34.7000,174.500,50,980, , , , , , , , , , , , , , , , , , , , , , , , , , , , , , , , , , , ,38,133
2011020S13182,2011,4,SP,MM,WILMA,2011-01-28 14:00:00,TS,-35.0989,175.415,50,982,wellington,main,96,100,P_______O_____, ,SH082011,-35.0978,175.531, ,TS,45,989,0,90,115,115,90, , , , , , , , , , , , , , , , , , , , , , , , , , , , , , , , , , , , , , , , , , , , , , , , , , , , , , , , , , , , , , , , , , , , , , , , , , , , , , , , , , , , , , , , , ,-1, , ,-35.1000,175.300,50,982, , , , , , , , , , , , , , , , , , , , , , , , , , , , , , , , , , , ,43,128
2011020S13182,2011,4,SP,MM,WILMA,2011-01-28 15:00:00,TS,-35.5669,176.112,50,983,wellington,main,123,120,P_______O_____, ,SH082011,-35.5337,176.125, ,TS,45,989,0,90,115,115,90, , , , , , , , , , , , , , , , , , , , , , , , , , , , , , , , , , , , , , , , , , , , , , , , , , , , , , , , , , , , , , , , , , , , , , , , , , , , , , , , , , , , , , , , , ,-1, , ,-35.6000,176.100,50,983, , , , , , , , , , , , , , , , , , , , , , , , , , , , , , , , , , , ,40,128
2011020S13182,2011,4,SP,MM,WILMA,2011-01-28 16:00:00,TS,-35.9266,176.725,45,984,wellington,main,132,132,P_______O_____, ,SH082011,-35.9621,176.758, ,TS,45,989,0,90,115,115,90, , , , , , , , , , , , , , , , , , , , , , , , , , , , , , , , , , , , , , , , , , , , , , , , , , , , , , , , , , , , , , , , , , , , , , , , , , , , , , , , , , , , , , , , , ,-1, , ,-35.9000,176.700,45,984, , , , , , , , , , , , , , , , , , , , , , , , , , , , , , , , , , , ,35,126
2011020S13182,2011,4,SP,MM,WILMA,2011-01-28 17:00:00,TS,-36.2613,177.273,45,985,wellington,main,153,112,P_______O_____, ,SH082011,-36.3838,177.420, ,TS,45,989,0,90,115,115,90, , , , , , , , , , , , , , , , , , , , , , , , , , , , , , , , , , , , , , , , , , , , , , , , , , , , , , , , , , , , , , , , , , , , , , , , , , , , , , , , , , , , , , , , , ,-1, , ,-36.2000,177.200,45,985, , , , , , , , , , , , , , , , , , , , , , , , , , , , , , , , , , , ,36,126
2011020S13182,2011,4,SP,MM,WILMA,2011-01-28 18:00:00,ET,-36.6400,177.940,45,986,wellington,main,111,61,O_______O_____,jtwc_sh,SH082011,-36.8000,178.100, ,EX,45,989,-4,90,115,115,90, , , , , , , , , , , , , , , , , , , , , , , , , , , , , , , , , , , , , , , , , , , , , , , , , , , , , , , , , , , , , , , , , , , , , , , , , , , , , , , , , , , , , , , , , ,-1, , ,-36.6000,177.900,45,986, , , , , , , , , , , , , , , , , , , , , , , , , , , , , , , , , , , ,41,128
2011020S13182,2011,4,SP,MM,WILMA,2011-01-28 19:00:00,NR,-37.1000,178.600,45,987,wellington,main,61,48,________O_____, ,SH082011, , , ,EX, , ,-4, , , , , , , , , , , , , , , , , , , , , , , , , , , , , , , , , , , , , , , , , , , , , , , , , , , , , , , , , , , , , , , , , , , , , , , , , , , , , , , , , , , , , , , , , , , , , ,-1, , ,-37.1000,178.600,45,987, , , , , , , , , , , , , , , , , , , , , , , , , , , , , , , , , , , ,47,132
2011020S13182,2011,4,SP,MM,WILMA,2011-01-28 20:00:00,NR,-37.7000,179.400,45,987,wellington,main,70,79,________O_____, ,SH082011, , , ,EX, , ,-4, , , , , , , , , , , , , , , , , , , , , , , , , , , , , , , , , , , , , , , , , , , , , , , , , , , , , , , , , , , , , , , , , , , , , , , , , , , , , , , , , , , , , , , , , , , , , ,-1, , ,-37.7000,179.400,45,987, , , , , , , , , , , , , , , , , , , , , , , , , , , , , , , , , , , ,50,142
2011020S13182,2011,4,SP,MM,WILMA,2011-01-28 21:00:00,NR,-38.4000,179.900,45,986,wellington,main,137,137,________O_____, ,SH082011, , , ,EX, , ,-4, , , , , , , , , , , , , , , , , , , , , , , , , , , , , , , , , , , , , , , , , , , , , , , , , , , , , , , , , , , , , , , , , , , , , , , , , , , , , , , , , , , , , , , , , , , , , ,-1, , ,-38.4000,179.900,45,986, , , , , , , , , , , , , , , , , , , , , , , , , , , , , , , , , , , ,45,155
2011020S13182,2011,4,SP,MM,WILMA,2011-01-29 00:00:00,NR,-40.4000,181.000,50,984,wellington,main,290,290,________O_____, , , , , , , , ,-5, , , , , , , , , , , , , , , , , , , , , , , , , , , , , , , , , , , , , , , , , , , , , , , , , , , , , , , , , , , , , , , , , , , , , , , , , , , , , , , , , , , , , , , , , , , , , ,-1, , ,-40.4000,-179.000,50,984, , , , , , , , , , , , , , , , , , , , , , , , , , , , , , , , , , , ,43,155
2011020S13182,2011,4,SP,MM,WILMA,2011-01-29 03:00:00,NR,-42.2880,182.288, , , ,main,497,497,________P_____, , , , , , , , ,-5, , , , , , , , , , , , , , , , , , , , , , , , , , , , , , , , , , , , , , , , , , , , , , , , , , , , , , , , , , , , , , , , , , , , , , , , , , , , , , , , , , , , , , , , , , , , , ,-1, , ,-42.2880,-177.712,50,978, , , , , , , , , , , , , , , , , , , , , , , , , , , , , , , , , , , ,41,151
2011020S13182,2011,4,SP,MM,WILMA,2011-01-29 06:00:00,NR,-44.0000,183.700,50,972,wellington,main,700,700,________O_____, , , , , , , , ,-5, , , , , , , , , , , , , , , , , , , , , , , , , , , , , , , , , , , , , , , , , , , , , , , , , , , , , , , , , , , , , , , , , , , , , , , , , , , , , , , , , , , , , , , , , , , , , ,-1, , ,-44.0000,-176.300,50,972, , , , , , , , , , , , , , , , , , , , , , , , , , , , , , , , , , , ,38,148
2011020S13182,2011,4,SP,MM,WILMA,2011-01-29 09:00:00,NR,-45.5594,185.105, , , ,main,879,879,________P_____, , , , , , , , ,-5, , , , , , , , , , , , , , , , , , , , , , , , , , , , , , , , , , , , , , , , , , , , , , , , , , , , , , , , , , , , , , , , , , , , , , , , , , , , , , , , , , , , , , , , , , , , , ,-1, , ,-45.5594,-174.895,50,970, , , , , , , , , , , , , , , , , , , , , , , , , , , , , , , , , , , ,35,145
2011020S13182,2011,4,SP,MM,WILMA,2011-01-29 12:00:00,NR,-46.9000,186.600,50,968,wellington,main,1053,1053,________O_____, , , , , , , , ,-5, , , , , , , , , , , , , , , , , , , , , , , , , , , , , , , , , , , , , , , , , , , , , , , , , , , , , , , , , , , , , , , , , , , , , , , , , , , , , , , , , , , , , , , , , , , , , ,-1, , ,-46.9000,-173.400,50,968, , , , , , , , , , , , , , , , , , , , , , , , , , , , , , , , , , , ,32,139
2011020S13182,2011,4,SP,MM,WILMA,2011-01-29 15:00:00,NR,-48.0212,188.214, , , ,main,1221,1221,________P_____, , , , , , , , ,-5, , , , , , , , , , , , , , , , , , , , , , , , , , , , , , , , , , , , , , , , , , , , , , , , , , , , , , , , , , , , , , , , , , , , , , , , , , , , , , , , , , , , , , , , , , , , , ,-1, , ,-48.0212,-171.786,50,964, , , , , , , , , , , , , , , , , , , , , , , , , , , , , , , , , , , ,31,133
2011020S13182,2011,4,SP,MM,WILMA,2011-01-29 18:00:00,NR,-49.0000,190.000,50,961,wellington,main,1392,1392,________O_____, , , , , , , , ,-5, , , , , , , , , , , , , , , , , , , , , , , , , , , , , , , , , , , , , , , , , , , , , , , , , , , , , , , , , , , , , , , , , , , , , , , , , , , , , , , , , , , , , , , , , , , , , ,-1, , ,-49.0000,-170.000,50,961, , , , , , , , , , , , , , , , , , , , , , , , , , , , , , , , , , , ,32,128
2011020S13182,2011,4,SP,MM,WILMA,2011-01-29 21:00:00,NR,-49.9703,192.018, , , ,main,1573,1573,________P_____, , , , , , , , ,-5, , , , , , , , , , , , , , , , , , , , , , , , , , , , , , , , , , , , , , , , , , , , , , , , , , , , , , , , , , , , , , , , , , , , , , , , , , , , , , , , , , , , , , , , , , , , , ,-1, , ,-49.9703,-167.982,50,961, , , , , , , , , , , , , , , , , , , , , , , , , , , , , , , , , , , ,33,125
2011020S13182,2011,4,SP,MM,WILMA,2011-01-30 00:00:00,NR,-50.9000,194.200,50,961,wellington,main,1753,1753,________O_____, , , , , , , , ,-5, , , , , , , , , , , , , , , , , , , , , , , , , , , , , , , , , , , , , , , , , , , , , , , , , , , , , , , , , , , , , , , , , , , , , , , , , , , , , , , , , , , , , , , , , , , , , ,-1, , ,-50.9000,-165.800,50,961, , , , , , , , , , , , , , , , , , , , , , , , , , , , , , , , , , , ,34,122
2011020S13182,2011,4,SP,MM,WILMA,2011-01-30 03:00:00,NR,-51.7726,196.581, , , ,main,1941,1941,________P_____, , , , , , , , ,-5, , , , , , , , , , , , , , , , , , , , , , , , , , , , , , , , , , , , , , , , , , , , , , , , , , , , , , , , , , , , , , , , , , , , , , , , , , , , , , , , , , , , , , , , , , , , , ,-1, , ,-51.7726,-163.419,50,960, , , , , , , , , , , , , , , , , , , , , , , , , , , , , , , , , , , ,34,122
2011020S13182,2011,4,SP,MM,WILMA,2011-01-30 06:00:00,NR,-52.7000,198.800,50,960,wellington,main,2113,2113,________O_____, , , , , , , , ,-5, , , , , , , , , , , , , , , , , , , , , , , , , , , , , , , , , , , , , , , , , , , , , , , , , , , , , , , , , , , , , , , , , , , , , , , , , , , , , , , , , , , , , , , , , , , , , , , , ,-52.7000,-161.200,50,960, , , , , , , , , , , , , , , , , , , , , , , , , , , , , , , , , , , ,32,130
2011020S13182,2011,4,SP,MM,WILMA,2011-01-30 09:00:00,NR,-53.8306,200.596, , , ,main,2264,2264,________P_____, , , , , , , , ,-5, , , , , , , , , , , , , , , , , , , , , , , , , , , , , , , , , , , , , , , , , , , , , , , , , , , , , , , , , , , , , , , , , , , , , , , , , , , , , , , , , , , , , , , , , , , , , , , , ,-53.8306,-159.404,50,959, , , , , , , , , , , , , , , , , , , , , , , , , , , , , , , , , , , ,30,141
2011020S13182,2011,4,SP,MM,WILMA,2011-01-30 12:00:00,NR,-55.0000,202.000,50,959,wellington,main,2332,2209,________O_____, , , , , , , , ,-5, , , , , , , , , , , , , , , , , , , , , , , , , , , , , , , , , , , , , , , , , , , , , , , , , , , , , , , , , , , , , , , , , , , , , , , , , , , , , , , , , , , , , , , , , , , , , , , , ,-55.0000,-158.000,50,959, , , , , , , , , , , , , , , , , , , , , , , , , , , , , , , , , , , ,26,147
2011020S13182,2011,4,SP,MM,WILMA,2011-01-30 15:00:00,NR,-56.0442,203.081, , , ,main,2207,2099,________P_____, , , , , , , , ,-5, , , , , , , , , , , , , , , , , , , , , , , , , , , , , , , , , , , , , , , , , , , , , , , , , , , , , , , , , , , , , , , , , , , , , , , , , , , , , , , , , , , , , , , , , , , , , , , , ,-56.0442,-156.919,50,957, , , , , , , , , , , , , , , , , , , , , , , , , , , , , , , , , , , ,23,151
2011020S13182,2011,4,SP,MM,WILMA,2011-01-30 18:00:00,NR,-57.0000,204.000,50,956,wellington,main,2087, ,________O_____, , , , , , , , ,-5, , , , , , , , , , , , , , , , , , , , , , , , , , , , , , , , , , , , , , , , , , , , , , , , , , , , , , , , , , , , , , , , , , , , , , , , , , , , , , , , , , , , , , , , , , , , , , , , ,-57.0000,-156.000,50,956, , , , , , , , , , , , , , , , , , , , , , , , , , , , , , , , , , , ,22,152